id,isv,animal_type,symbol,color
moose,lo≈õ,mammal,S,"37,87,62"
deer,jelenj,mammal,S,"37,87,62"
cow,kr√•va,mammal,S,"37,87,62"
dog,pes,mammal,S,"37,87,62"
tiger,tigr,mammal,S,"37,87,62"
cat,kot,mammal,ìÉ†,"37,87,62"
capybara,kapibara,mammal,S,"37,87,62"
porcupine,dikobraz,mammal,S,"37,87,62"
salmon,loso≈õ,fish,S,"37,87,62"
tuna,tunec,fish,S,"37,87,62"
carp,kara≈õ,fish,S,"37,87,62"
dace,jelec,fish,S,"37,87,62"
sturgeon,jesetr,fish,S,"37,87,62"
sparrow,vr√•bec,bird,S,"37,87,62"
owl,sova,bird,S,"37,87,62"
crow,vr√•na,bird,S,"37,87,62"
raven,krukavec,bird,S,"37,87,62"
rook,gavr√•n,bird,S,"37,87,62"
lark,skovr√•n»Øk,bird,S,"37,87,62"
blackbird,kos,bird,S,"37,87,62"
goose,g≈≥≈õ,bird,S,"37,87,62"
cobra,kobra,reptile,S,"37,87,62"
snake,gad,reptile,S,"37,87,62"
lizard,ja≈°ƒçer,reptile,S,"37,87,62"
iguana,iguana,reptile,S,"37,87,62"
grass_snake,v≈≥≈æ,reptile,S,"37,87,62"
turtle,≈æ»Ølv,reptile,S,"37,87,62"
gecko,gekon,reptile,S,"37,87,62"
crocodile,krokodil,reptile,S,"37,87,62"
bee,pƒçela,insect,S,"37,87,62"
ant,mr√•vka,insect,S,"37,87,62"
spider,pav≈≥k,insect,S,"37,87,62"
locust,saranƒça,insect,S,"37,87,62"
snail,slimak,insect,S,"37,87,62"
centipede,stono≈æka,insect,S,"37,87,62"
scorpion,skorpion,insect,S,"37,87,62"